OBJECTID,Shape,shape_leng,nmgrio,Shape_Length,Shape_Area
1,"(4715462.667622095, 2249778.1504221247)",21419.8118706,RÍO MEDELLÍN,37655.520022972356,542727.5764549156
